cliente_id,nombre,apellido,email,fecha_registro
1,Janet,Norris,janet.norris1@example.com,31/10/2021 20:49
2,Michael,Jones,michael.jones2@example.com,11/07/2022 16:21
3,Donna,Nelson,donna.nelson3@example.com,27/03/2022 14:02
4,Gregory,Gross,gregory.gross4@example.com,15/05/2024 20:47
5,Herbert,Davis,herbert.davis5@example.com,10/02/2022 16:18
6,Danielle,Clarke,danielle.clarke6@example.com,01/06/2020 11:17
7,Christian,Martin,christian.martin7@example.com,19/05/2021 18:11
8,Annette,Hartman,annette.hartman8@example.com,21/11/2021 08:57
9,Tim,Cabrera,tim.cabrera9@example.com,26/12/2023 16:50
10,Catherine,Holmes,catherine.holmes10@example.com,29/12/2020 07:06
11,Michael,Yates,michael.yates11@example.com,16/03/2020 00:18
12,Bobby,Anderson,bobby.anderson12@example.com,01/10/2020 07:16
13,Leslie,Ball,leslie.ball13@example.com,02/12/2024 21:50
14,Mark,Mendoza,mark.mendoza14@example.com,23/05/2021 14:49
15,Sarah,Good,sarah.good15@example.com,03/12/2020 14:44
16,Anthony,Stanley,anthony.stanley16@example.com,12/06/2024 03:00
17,Katherine,Stephenson,katherine.stephenson17@example.com,01/08/2023 19:11
18,Sara,Carson,sara.carson18@example.com,19/03/2022 12:50
19,Jennifer,Dunn,jennifer.dunn19@example.com,04/01/2022 13:29
20,Christine,Floyd,christine.floyd20@example.com,13/02/2023 06:46
21,Jennifer,Brown,jennifer.brown21@example.com,30/06/2025 11:33
22,Michael,Stout,michael.stout22@example.com,02/11/2024 04:30
23,Bruce,Jenkins,bruce.jenkins23@example.com,06/04/2020 22:32
24,Wendy,Hendrix,wendy.hendrix24@example.com,25/06/2023 20:28
25,Travis,Montoya,travis.montoya25@example.com,07/05/2024 07:40
26,Mitchell,Kelly,mitchell.kelly26@example.com,11/01/2024 22:11
27,Veronica,Knight,veronica.knight27@example.com,29/12/2023 06:08
28,Charles,Kelley,charles.kelley28@example.com,07/03/2023 21:16
29,Veronica,Caldwell,veronica.caldwell29@example.com,27/01/2021 07:59
30,James,Howard,james.howard30@example.com,05/08/2021 19:34
31,Jonathan,Sanders,jonathan.sanders31@example.com,10/12/2022 12:49
32,Alexander,Johnson,alexander.johnson32@example.com,16/05/2021 03:12
33,William,Banks,william.banks33@example.com,20/09/2023 07:02
34,Gary,Evans,gary.evans34@example.com,22/09/2020 15:41
35,Gary,Hays,gary.hays35@example.com,18/06/2021 14:07
36,Kayla,Pierce,kayla.pierce36@example.com,13/02/2022 12:25
37,Michelle,Price,michelle.price37@example.com,10/05/2022 22:18
38,Regina,Jones,regina.jones38@example.com,29/11/2022 23:42
39,Jennifer,Mccoy,jennifer.mccoy39@example.com,28/07/2020 09:50
40,Isabel,Burns,isabel.burns40@example.com,06/01/2025 22:18
41,Christopher,Morales,christopher.morales41@example.com,21/04/2021 20:33
42,Samantha,Wright,samantha.wright42@example.com,25/01/2022 18:53
43,Brittany,Carroll,brittany.carroll43@example.com,19/06/2023 01:51
44,Christopher,Moore,christopher.moore44@example.com,28/05/2022 04:36
45,Gina,Brown,gina.brown45@example.com,08/09/2022 06:57
46,April,Gonzalez,user8@example.com,18/03/2020 20:16
47,Colton,Collins,user9@example.com,07/08/2024 16:15
48,Joseph,Yang,user10@example.com,18/07/2023 14:40
49,Michelle,Logan,user11@example.com,09/08/2022 02:50
50,Mary,Pollard,user12@example.com,09/04/2022 03:11
51,Gail,Harris,user13@example.com,04/01/2020 15:40
52,Lauren,Fletcher,user14@example.com,01/04/2022 06:17
53,Alan,Liu,user15@example.com,28/10/2022 10:55
54,Douglas,Williams,user16@example.com,05/03/2022 22:02
55,Daniel,Smith,user17@example.com,26/10/2022 06:22
56,Christopher,Jensen,user18@example.com,20/02/2024 14:29
57,Haley,Rodriguez,user19@example.com,11/05/2024 16:48
58,Alexis,Cox,user20@example.com,26/02/2023 21:31
59,Deborah,Davis,user21@example.com,11/12/2021 20:14
60,Brenda,Reynolds,user22@example.com,07/11/2023 05:48
61,Paul,Nash,user23@example.com,11/02/2021 18:41
62,Steven,Parsons,user24@example.com,15/04/2025 06:42
63,Adrian,Richards,user25@example.com,31/10/2023 09:20
64,Kristin,Hall,user26@example.com,06/01/2025 22:56
65,Gerald,Brown,user27@example.com,26/05/2022 02:19
66,Susan,Freeman,user28@example.com,25/08/2022 12:22
67,Gary,Thornton,user29@example.com,30/12/2021 20:31
68,Joyce,Bailey,user30@example.com,17/11/2021 15:05
69,Allison,Hill,user31@example.com,09/06/2021 08:44
70,Teresa,Jones,teresa.jones70@example.com,05/03/2023 03:37
71,Scott,Davis,scott.davis71@example.com,13/11/2024 13:25
72,Brian,Williams,brian.williams72@example.com,11/12/2023 03:04
73,Patrick,Aguilar,patrick.aguilar73@example.com,17/03/2022 04:13
74,Alec,Lawson,alec.lawson74@example.com,02/10/2021 09:38
75,James,Thomas,james.thomas75@example.com,23/10/2020 05:42
76,Joan,Gordon,joan.gordon76@example.com,04/07/2022 14:31
77,Anthony,Wallace,anthony.wallace77@example.com,18/04/2023 21:12
78,Lisa,Wright,lisa.wright78@example.com,25/03/2021 02:38
79,Christopher,Lane,christopher.lane79@example.com,10/12/2024 17:20
80,Ashley,Hernandez,ashley.hernandez80@example.com,20/07/2023 08:13
81,Virginia,Ruiz,virginia.ruiz81@example.com,29/08/2023 16:53
82,Sandy,Turner,sandy.turner82@example.com,27/05/2023 03:59
83,Jennifer,Ball,jennifer.ball83@example.com,24/02/2020 15:14
84,Thomas,Smith,thomas.smith84@example.com,28/07/2025 18:35
85,Scott,Salazar,scott.salazar85@example.com,16/04/2023 16:39
86,Jessica,Elliott,jessica.elliott86@example.com,26/03/2022 11:51
87,Michael,Wagner,michael.wagner87@example.com,10/05/2024 16:35
88,Kevin,Carroll,kevin.carroll88@example.com,23/10/2023 20:55
89,Lisa,Luna,lisa.luna89@example.com,29/02/2024 22:44
90,Cynthia,Montgomery,cynthia.montgomery90@example.com,15/01/2022 19:37
91,Alan,Davidson,alan.davidson91@example.com,23/02/2021 00:44
92,Susan,Marshall,susan.marshall92@example.com,20/12/2021 00:28
93,Anthony,Harrington,anthony.harrington93@example.com,13/08/2021 07:32
94,Marilyn,Rogers,marilyn.rogers94@example.com,01/11/2021 19:48
95,Amanda,Horton,amanda.horton95@example.com,16/04/2025 03:34
96,William,Smith,william.smith96@example.com,15/02/2024 14:04
97,Cody,Willis,cody.willis97@example.com,26/05/2021 06:09
98,Richard,Shaffer,richard.shaffer98@example.com,31/08/2023 13:51
99,Joshua,Brooks,joshua.brooks99@example.com,25/05/2021 05:51
100,Lynn,Sanchez,lynn.sanchez100@example.com,01/03/2025 00:33
101,Stacey,Bryant,stacey.bryant101@example.com,02/01/2025 12:47
102,Wanda,Copeland,wanda.copeland102@example.com,30/08/2023 14:38
103,Stephanie,Carroll,stephanie.carroll103@example.com,28/01/2022 12:33
104,Rachael,Bradford,rachael.bradford104@example.com,27/09/2022 20:48
105,Barry,Harrison,barry.harrison105@example.com,24/12/2020 11:15
106,David,Hoover,david.hoover106@example.com,14/12/2024 05:41
107,Stephanie,Wiley,stephanie.wiley107@example.com,02/04/2020 18:07
108,Joseph,Moreno,joseph.moreno108@example.com,21/06/2023 04:04
109,Joseph,Torres,joseph.torres109@example.com,25/02/2025 13:02
110,Adriana,Austin,adriana.austin110@example.com,16/03/2023 23:00
111,Nathan,Johnson,nathan.johnson111@example.com,10/05/2022 02:12
112,Terri,White,terri.white112@example.com,13/10/2020 18:23
113,Dustin,Bell,dustin.bell113@example.com,20/08/2020 05:04
114,William,Allison,william.allison114@example.com,30/06/2023 07:51
115,Robin,Barber,robin.barber115@example.com,03/07/2023 12:15
116,Dylan,Kelly,dylan.kelly116@example.com,20/07/2022 17:38
117,Jonathan,Nichols,jonathan.nichols117@example.com,30/04/2024 08:40
118,Jessica,Hayes,jessica.hayes118@example.com,02/05/2020 13:58
119,Ryan,Schwartz,ryan.schwartz119@example.com,30/03/2024 05:13
120,Justin,Kim,justin.kim120@example.com,05/03/2025 14:19
121,Timothy,Gonzalez,timothy.gonzalez121@example.com,27/11/2022 10:00
122,Richard,Lewis,richard.lewis122@example.com,29/06/2023 16:29
123,Charles,Thomas,charles.thomas123@example.com,03/06/2023 04:02
124,Brittney,Herrera,brittney.herrera124@example.com,14/06/2025 20:08
125,Daniel,Smith,daniel.smith125@example.com,26/09/2022 20:29
126,Kyle,Goodwin,kyle.goodwin126@example.com,14/12/2022 09:45
127,Carmen,Thompson,carmen.thompson127@example.com,23/11/2022 20:14
128,Connie,Chan,connie.chan128@example.com,19/12/2024 18:07
129,Samantha,Thompson,samantha.thompson129@example.com,11/05/2023 08:36
130,Richard,Casey,richard.casey130@example.com,11/04/2021 10:18
131,Zachary,Young,zachary.young131@example.com,30/08/2020 08:23
132,Michael,Gonzalez,michael.gonzalez132@example.com,17/08/2020 03:15
133,Michael,Parks,michael.parks133@example.com,22/10/2020 02:12
134,Mark,Flores,mark.flores134@example.com,01/06/2024 23:21
135,George,Goodman,george.goodman135@example.com,18/05/2023 19:50
136,Ashley,Neal,ashley.neal136@example.com,15/08/2025 22:30
137,Caitlin,Tyler,caitlin.tyler137@example.com,14/03/2024 20:28
138,Andre,Davis,andre.davis138@example.com,08/07/2021 19:10
139,Melinda,Bradley,melinda.bradley139@example.com,07/06/2023 23:45
140,Bonnie,Allen,bonnie.allen140@example.com,30/11/2022 03:00
141,Catherine,Rhodes,catherine.rhodes141@example.com,20/02/2021 01:28
142,Sylvia,Bennett,sylvia.bennett142@example.com,19/04/2024 11:46
143,Jeremy,Campos,jeremy.campos143@example.com,03/02/2020 08:57
144,Mary,Glover,mary.glover144@example.com,11/08/2024 05:34
145,Sarah,Skinner,sarah.skinner145@example.com,22/12/2023 07:59
146,Allison,Hill,user31@example.com,03/10/2023 23:14
147,Jamie,Miller,user32@example.com,04/06/2024 01:45
148,Kimberly,Johnson,user33@example.com,11/04/2024 10:57
149,Elizabeth,Smith,user34@example.com,11/02/2024 05:50
150,Shelly,Estes,user35@example.com,28/11/2024 20:53
151,Jacob,Williams,user36@example.com,24/03/2021 08:09
152,Roberto,Chang,user37@example.com,05/04/2025 07:29
153,Karen,Smith,user38@example.com,18/07/2020 07:02
154,Anthony,Hernandez,user39@example.com,12/05/2021 08:34
155,Breanna,Watts,user40@example.com,30/07/2025 01:59
156,Nicholas,Marshall,user41@example.com,16/08/2025 02:32
157,Christopher,Bowen,user42@example.com,02/09/2022 13:49
158,Nicole,Thompson,user43@example.com,17/05/2020 22:57
159,Anna,Russell,user44@example.com,05/01/2022 22:20
160,Donna,King,user45@example.com,13/05/2020 13:30
161,Denise,Byrd,user46@example.com,09/04/2024 07:53
162,Michael,Robinson,user47@example.com,29/12/2021 07:34
163,Daniel,Harrison,user48@example.com,29/04/2025 13:38
164,Jason,Sellers,user49@example.com,10/09/2024 19:30
165,Stephanie,Torres,user50@example.com,18/09/2023 15:39
166,Kristin,Randall,user51@example.com,26/02/2023 04:00
167,Bradley,Nguyen,user52@example.com,12/01/2021 16:25
168,Lance,Rice,user53@example.com,21/05/2021 17:24
169,Paul,Perkins,user54@example.com,18/04/2022 21:27
170,Norman,Williams,norman.williams170@example.com,01/07/2020 15:37
171,Danielle,Brooks,danielle.brooks171@example.com,15/08/2022 01:20
172,William,Smith,william.smith172@example.com,12/03/2025 15:52
173,Joseph,Mason,joseph.mason173@example.com,26/04/2023 14:14
174,Tamara,Lopez,tamara.lopez174@example.com,31/12/2023 09:15
175,Tina,Webster,tina.webster175@example.com,21/01/2025 20:15
176,Gregory,Harrison,gregory.harrison176@example.com,17/05/2020 12:29
177,Leah,Watson,leah.watson177@example.com,13/04/2024 02:33
178,Christine,King,christine.king178@example.com,05/08/2025 20:23
179,James,Montgomery,james.montgomery179@example.com,26/04/2023 09:39
180,David,Martin,david.martin180@example.com,11/09/2021 17:21
181,Jonathan,Tucker,jonathan.tucker181@example.com,04/04/2024 08:23
182,Jennifer,Cantrell,jennifer.cantrell182@example.com,14/05/2025 17:14
183,Jennifer,Rhodes,jennifer.rhodes183@example.com,12/05/2022 11:55
184,Philip,Torres,philip.torres184@example.com,01/03/2022 04:10
185,James,Cain,james.cain185@example.com,08/03/2022 16:56
186,Leslie,Crane,leslie.crane186@example.com,02/06/2022 18:19
187,David,Robinson,david.robinson187@example.com,30/10/2024 11:11
188,Jill,Gordon,jill.gordon188@example.com,07/02/2020 09:16
189,Earl,Winters,earl.winters189@example.com,12/08/2022 06:40
190,Sarah,Smith,sarah.smith190@example.com,18/01/2024 14:53
191,Brittney,Cannon,brittney.cannon191@example.com,03/07/2021 08:49
192,Adam,Andrews,adam.andrews192@example.com,13/08/2024 11:04
193,Michelle,Reed,michelle.reed193@example.com,04/01/2021 09:54
194,James,Harrison,james.harrison194@example.com,11/12/2024 00:49
195,Meghan,Perez,meghan.perez195@example.com,23/03/2020 20:50
196,Leslie,Webb,leslie.webb196@example.com,24/07/2024 22:13
197,Jennifer,Garrett,jennifer.garrett197@example.com,05/03/2022 12:48
198,Jamie,Bullock,jamie.bullock198@example.com,14/05/2022 14:08
199,Richard,Short,richard.short199@example.com,04/06/2022 03:58
200,Ana,Phillips,ana.phillips200@example.com,22/06/2025 19:07
