nombre,email,match_query,match_result,score,match_result_values,sourceTable,destTable
Janet,janet.norris1@example.com,Janetjanet.norris1@example.com,,0.0,{},Clientes,Usuarios
Michael,michael.jones2@example.com,Michaelmichael.jones2@example.com,Michelleuser11@example.com,71.1864406779661,"{'first_name': 'Michelle', 'email': 'user11@example.com'}",Clientes,Usuarios
Donna,donna.nelson3@example.com,Donnadonna.nelson3@example.com,,0.0,{},Clientes,Usuarios
Gregory,gregory.gross4@example.com,Gregorygregory.gross4@example.com,Gregoryuser74@example.com,75.86206896551724,"{'first_name': 'Gregory', 'email': 'user74@example.com'}",Clientes,Usuarios
Herbert,herbert.davis5@example.com,Herbertherbert.davis5@example.com,Herbertuser162@example.com,71.1864406779661,"{'first_name': 'Herbert', 'email': 'user162@example.com'}",Clientes,Usuarios
Danielle,danielle.clarke6@example.com,Danielledanielle.clarke6@example.com,Danielleuser83@example.com,70.96774193548387,"{'first_name': 'Danielle', 'email': 'user83@example.com'}",Clientes,Usuarios
Christian,christian.martin7@example.com,Christianchristian.martin7@example.com,,0.0,{},Clientes,Usuarios
Annette,annette.hartman8@example.com,Annetteannette.hartman8@example.com,,0.0,{},Clientes,Usuarios
Tim,tim.cabrera9@example.com,Timtim.cabrera9@example.com,Michaeluser91@example.com,73.07692307692308,"{'first_name': 'Michael', 'email': 'user91@example.com'}",Clientes,Usuarios
Catherine,catherine.holmes10@example.com,Catherinecatherine.holmes10@example.com,,0.0,{},Clientes,Usuarios
Michael,michael.yates11@example.com,Michaelmichael.yates11@example.com,Michelleuser11@example.com,76.66666666666666,"{'first_name': 'Michelle', 'email': 'user11@example.com'}",Clientes,Usuarios
Bobby,bobby.anderson12@example.com,Bobbybobby.anderson12@example.com,,0.0,{},Clientes,Usuarios
Leslie,leslie.ball13@example.com,Leslieleslie.ball13@example.com,,0.0,{},Clientes,Usuarios
Mark,mark.mendoza14@example.com,Markmark.mendoza14@example.com,Amandauser124@example.com,72.72727272727273,"{'first_name': 'Amanda', 'email': 'user124@example.com'}",Clientes,Usuarios
Sarah,sarah.good15@example.com,Sarahsarah.good15@example.com,Alanuser15@example.com,70.58823529411764,"{'first_name': 'Alan', 'email': 'user15@example.com'}",Clientes,Usuarios
Anthony,anthony.stanley16@example.com,Anthonyanthony.stanley16@example.com,,0.0,{},Clientes,Usuarios
Katherine,katherine.stephenson17@example.com,Katherinekatherine.stephenson17@example.com,,0.0,{},Clientes,Usuarios
Sara,sara.carson18@example.com,Sarasara.carson18@example.com,,0.0,{},Clientes,Usuarios
Jennifer,jennifer.dunn19@example.com,Jenniferjennifer.dunn19@example.com,,0.0,{},Clientes,Usuarios
Christine,christine.floyd20@example.com,Christinechristine.floyd20@example.com,Christinauser62@example.com,70.76923076923076,"{'first_name': 'Christina', 'email': 'user62@example.com'}",Clientes,Usuarios
Jennifer,jennifer.brown21@example.com,Jenniferjennifer.brown21@example.com,,0.0,{},Clientes,Usuarios
Michael,michael.stout22@example.com,Michaelmichael.stout22@example.com,,0.0,{},Clientes,Usuarios
Bruce,bruce.jenkins23@example.com,Brucebruce.jenkins23@example.com,,0.0,{},Clientes,Usuarios
Wendy,wendy.hendrix24@example.com,Wendywendy.hendrix24@example.com,,0.0,{},Clientes,Usuarios
Travis,travis.montoya25@example.com,Travistravis.montoya25@example.com,,0.0,{},Clientes,Usuarios
Mitchell,mitchell.kelly26@example.com,Mitchellmitchell.kelly26@example.com,,0.0,{},Clientes,Usuarios
Veronica,veronica.knight27@example.com,Veronicaveronica.knight27@example.com,,0.0,{},Clientes,Usuarios
Charles,charles.kelley28@example.com,Charlescharles.kelley28@example.com,,0.0,{},Clientes,Usuarios
Veronica,veronica.caldwell29@example.com,Veronicaveronica.caldwell29@example.com,,0.0,{},Clientes,Usuarios
James,james.howard30@example.com,Jamesjames.howard30@example.com,Jamieuser32@example.com,74.07407407407408,"{'first_name': 'Jamie', 'email': 'user32@example.com'}",Clientes,Usuarios
Jonathan,jonathan.sanders31@example.com,Jonathanjonathan.sanders31@example.com,,0.0,{},Clientes,Usuarios
Alexander,alexander.johnson32@example.com,Alexanderalexander.johnson32@example.com,,0.0,{},Clientes,Usuarios
William,william.banks33@example.com,Williamwilliam.banks33@example.com,,0.0,{},Clientes,Usuarios
Gary,gary.evans34@example.com,Garygary.evans34@example.com,Gregoryuser74@example.com,71.69811320754718,"{'first_name': 'Gregory', 'email': 'user74@example.com'}",Clientes,Usuarios
Gary,gary.hays35@example.com,Garygary.hays35@example.com,Maryuser3@example.com,70.83333333333333,"{'first_name': 'Mary', 'email': 'user3@example.com'}",Clientes,Usuarios
Kayla,kayla.pierce36@example.com,Kaylakayla.pierce36@example.com,,0.0,{},Clientes,Usuarios
Michelle,michelle.price37@example.com,Michellemichelle.price37@example.com,Michelleuser11@example.com,70.96774193548387,"{'first_name': 'Michelle', 'email': 'user11@example.com'}",Clientes,Usuarios
Regina,regina.jones38@example.com,Reginaregina.jones38@example.com,,0.0,{},Clientes,Usuarios
Jennifer,jennifer.mccoy39@example.com,Jenniferjennifer.mccoy39@example.com,,0.0,{},Clientes,Usuarios
Isabel,isabel.burns40@example.com,Isabelisabel.burns40@example.com,Elizabethuser34@example.com,71.1864406779661,"{'first_name': 'Elizabeth', 'email': 'user34@example.com'}",Clientes,Usuarios
Christopher,christopher.morales41@example.com,Christopherchristopher.morales41@example.com,Christopheruser18@example.com,73.97260273972603,"{'first_name': 'Christopher', 'email': 'user18@example.com'}",Clientes,Usuarios
Samantha,samantha.wright42@example.com,Samanthasamantha.wright42@example.com,,0.0,{},Clientes,Usuarios
Brittany,brittany.carroll43@example.com,Brittanybrittany.carroll43@example.com,,0.0,{},Clientes,Usuarios
Christopher,christopher.moore44@example.com,Christopherchristopher.moore44@example.com,Christopheruser42@example.com,76.05633802816901,"{'first_name': 'Christopher', 'email': 'user42@example.com'}",Clientes,Usuarios
Gina,gina.brown45@example.com,Ginagina.brown45@example.com,Donnauser45@example.com,70.58823529411764,"{'first_name': 'Donna', 'email': 'user45@example.com'}",Clientes,Usuarios
April,user8@example.com,Apriluser8@example.com,Apriluser8@example.com,100.0,"{'first_name': 'April', 'email': 'user8@example.com'}",Clientes,Usuarios
Colton,user9@example.com,Coltonuser9@example.com,Coltonuser9@example.com,100.0,"{'first_name': 'Colton', 'email': 'user9@example.com'}",Clientes,Usuarios
Joseph,user10@example.com,Josephuser10@example.com,Josephuser10@example.com,100.0,"{'first_name': 'Joseph', 'email': 'user10@example.com'}",Clientes,Usuarios
Michelle,user11@example.com,Michelleuser11@example.com,Michelleuser11@example.com,100.0,"{'first_name': 'Michelle', 'email': 'user11@example.com'}",Clientes,Usuarios
Mary,user12@example.com,Maryuser12@example.com,Maryuser12@example.com,100.0,"{'first_name': 'Mary', 'email': 'user12@example.com'}",Clientes,Usuarios
Gail,user13@example.com,Gailuser13@example.com,Gailuser13@example.com,100.0,"{'first_name': 'Gail', 'email': 'user13@example.com'}",Clientes,Usuarios
Lauren,user14@example.com,Laurenuser14@example.com,Laurenuser14@example.com,100.0,"{'first_name': 'Lauren', 'email': 'user14@example.com'}",Clientes,Usuarios
Alan,user15@example.com,Alanuser15@example.com,Alanuser15@example.com,100.0,"{'first_name': 'Alan', 'email': 'user15@example.com'}",Clientes,Usuarios
Douglas,user16@example.com,Douglasuser16@example.com,Douglasuser16@example.com,100.0,"{'first_name': 'Douglas', 'email': 'user16@example.com'}",Clientes,Usuarios
Daniel,user17@example.com,Danieluser17@example.com,Danieluser17@example.com,100.0,"{'first_name': 'Daniel', 'email': 'user17@example.com'}",Clientes,Usuarios
Christopher,user18@example.com,Christopheruser18@example.com,Christopheruser18@example.com,100.0,"{'first_name': 'Christopher', 'email': 'user18@example.com'}",Clientes,Usuarios
Haley,user19@example.com,Haleyuser19@example.com,Haleyuser19@example.com,100.0,"{'first_name': 'Haley', 'email': 'user19@example.com'}",Clientes,Usuarios
Alexis,user20@example.com,Alexisuser20@example.com,Alexisuser20@example.com,100.0,"{'first_name': 'Alexis', 'email': 'user20@example.com'}",Clientes,Usuarios
Deborah,user21@example.com,Deborahuser21@example.com,Deborahuser21@example.com,100.0,"{'first_name': 'Deborah', 'email': 'user21@example.com'}",Clientes,Usuarios
Brenda,user22@example.com,Brendauser22@example.com,Brendauser22@example.com,100.0,"{'first_name': 'Brenda', 'email': 'user22@example.com'}",Clientes,Usuarios
Paul,user23@example.com,Pauluser23@example.com,Pauluser23@example.com,100.0,"{'first_name': 'Paul', 'email': 'user23@example.com'}",Clientes,Usuarios
Steven,user24@example.com,Stevenuser24@example.com,Stevenuser24@example.com,100.0,"{'first_name': 'Steven', 'email': 'user24@example.com'}",Clientes,Usuarios
Adrian,user25@example.com,Adrianuser25@example.com,Adrianuser25@example.com,100.0,"{'first_name': 'Adrian', 'email': 'user25@example.com'}",Clientes,Usuarios
Kristin,user26@example.com,Kristinuser26@example.com,Kristinuser26@example.com,100.0,"{'first_name': 'Kristin', 'email': 'user26@example.com'}",Clientes,Usuarios
Gerald,user27@example.com,Geralduser27@example.com,Geralduser27@example.com,100.0,"{'first_name': 'Gerald', 'email': 'user27@example.com'}",Clientes,Usuarios
Susan,user28@example.com,Susanuser28@example.com,Susanuser28@example.com,100.0,"{'first_name': 'Susan', 'email': 'user28@example.com'}",Clientes,Usuarios
Gary,user29@example.com,Garyuser29@example.com,Garyuser29@example.com,100.0,"{'first_name': 'Gary', 'email': 'user29@example.com'}",Clientes,Usuarios
Joyce,user30@example.com,Joyceuser30@example.com,Joyceuser30@example.com,100.0,"{'first_name': 'Joyce', 'email': 'user30@example.com'}",Clientes,Usuarios
Allison,user38914718924@example.com,Allisonuser38914718924@example.com,Allisonuser31@example.com,84.7457627118644,"{'first_name': 'Allison', 'email': 'user31@example.com'}",Clientes,Usuarios
Teresa,teresa.jones70@example.com,Teresateresa.jones70@example.com,Theresauser140@example.com,72.41379310344827,"{'first_name': 'Theresa', 'email': 'user140@example.com'}",Clientes,Usuarios
Scott,scott.davis71@example.com,Scottscott.davis71@example.com,Scottuser57@example.com,71.69811320754718,"{'first_name': 'Scott', 'email': 'user57@example.com'}",Clientes,Usuarios
Brian,brian.williams72@example.com,Brianbrian.williams72@example.com,,0.0,{},Clientes,Usuarios
Patrick,patrick.aguilar73@example.com,Patrickpatrick.aguilar73@example.com,Patrickuser133@example.com,70.96774193548387,"{'first_name': 'Patrick', 'email': 'user133@example.com'}",Clientes,Usuarios
Alec,alec.lawson74@example.com,Alecalec.lawson74@example.com,,0.0,{},Clientes,Usuarios
James,james.thomas75@example.com,Jamesjames.thomas75@example.com,,0.0,{},Clientes,Usuarios
Joan,joan.gordon76@example.com,Joanjoan.gordon76@example.com,,0.0,{},Clientes,Usuarios
Anthony,anthony.wallace77@example.com,Anthonyanthony.wallace77@example.com,,0.0,{},Clientes,Usuarios
Lisa,lisa.wright78@example.com,Lisalisa.wright78@example.com,Lisauser75@example.com,74.50980392156863,"{'first_name': 'Lisa', 'email': 'user75@example.com'}",Clientes,Usuarios
Christopher,christopher.lane79@example.com,Christopherchristopher.lane79@example.com,Christopheruser177@example.com,76.05633802816901,"{'first_name': 'Christopher', 'email': 'user177@example.com'}",Clientes,Usuarios
Ashley,ashley.hernandez80@example.com,Ashleyashley.hernandez80@example.com,,0.0,{},Clientes,Usuarios
Virginia,virginia.ruiz81@example.com,Virginiavirginia.ruiz81@example.com,Virginiauser130@example.com,70.96774193548387,"{'first_name': 'Virginia', 'email': 'user130@example.com'}",Clientes,Usuarios
Sandy,sandy.turner82@example.com,Sandysandy.turner82@example.com,Susanuser28@example.com,74.07407407407408,"{'first_name': 'Susan', 'email': 'user28@example.com'}",Clientes,Usuarios
Jennifer,jennifer.ball83@example.com,Jenniferjennifer.ball83@example.com,,0.0,{},Clientes,Usuarios
Thomas,thomas.smith84@example.com,Thomasthomas.smith84@example.com,Thomasuser64@example.com,71.42857142857143,"{'first_name': 'Thomas', 'email': 'user64@example.com'}",Clientes,Usuarios
Scott,scott.salazar85@example.com,Scottscott.salazar85@example.com,Scottuser57@example.com,72.72727272727273,"{'first_name': 'Scott', 'email': 'user57@example.com'}",Clientes,Usuarios
Jessica,jessica.elliott86@example.com,Jessicajessica.elliott86@example.com,Jessicauser126@example.com,70.96774193548387,"{'first_name': 'Jessica', 'email': 'user126@example.com'}",Clientes,Usuarios
Michael,michael.wagner87@example.com,Michaelmichael.wagner87@example.com,Michaeluser47@example.com,73.33333333333334,"{'first_name': 'Michael', 'email': 'user47@example.com'}",Clientes,Usuarios
Kevin,kevin.carroll88@example.com,Kevinkevin.carroll88@example.com,,0.0,{},Clientes,Usuarios
Lisa,lisa.luna89@example.com,Lisalisa.luna89@example.com,,0.0,{},Clientes,Usuarios
Cynthia,cynthia.montgomery90@example.com,Cynthiacynthia.montgomery90@example.com,,0.0,{},Clientes,Usuarios
Alan,alan.davidson91@example.com,Alanalan.davidson91@example.com,Daviduser1@example.com,71.69811320754718,"{'first_name': 'David', 'email': 'user1@example.com'}",Clientes,Usuarios
Susan,susan.marshall92@example.com,Susansusan.marshall92@example.com,Susanuser28@example.com,75.0,"{'first_name': 'Susan', 'email': 'user28@example.com'}",Clientes,Usuarios
Anthony,anthony.harrington93@example.com,Anthonyanthony.harrington93@example.com,,0.0,{},Clientes,Usuarios
Marilyn,marilyn.rogers94@example.com,Marilynmarilyn.rogers94@example.com,,0.0,{},Clientes,Usuarios
Amanda,amanda.horton95@example.com,Amandaamanda.horton95@example.com,,0.0,{},Clientes,Usuarios
William,william.smith96@example.com,Williamwilliam.smith96@example.com,,0.0,{},Clientes,Usuarios
Cody,cody.willis97@example.com,Codycody.willis97@example.com,Willieuser109@example.com,70.37037037037037,"{'first_name': 'Willie', 'email': 'user109@example.com'}",Clientes,Usuarios
Richard,richard.shaffer98@example.com,Richardrichard.shaffer98@example.com,Richarduser172@example.com,70.96774193548387,"{'first_name': 'Richard', 'email': 'user172@example.com'}",Clientes,Usuarios
Joshua,joshua.brooks99@example.com,Joshuajoshua.brooks99@example.com,Joshuauser198@example.com,72.41379310344827,"{'first_name': 'Joshua', 'email': 'user198@example.com'}",Clientes,Usuarios
Lynn,lynn.sanchez100@example.com,Lynnlynn.sanchez100@example.com,,0.0,{},Clientes,Usuarios
Stacey,stacey.bryant101@example.com,Staceystacey.bryant101@example.com,,0.0,{},Clientes,Usuarios
Wanda,wanda.copeland102@example.com,Wandawanda.copeland102@example.com,,0.0,{},Clientes,Usuarios
Stephanie,stephanie.carroll103@example.com,Stephaniestephanie.carroll103@example.com,Stephanieuser50@example.com,73.52941176470588,"{'first_name': 'Stephanie', 'email': 'user50@example.com'}",Clientes,Usuarios
Rachael,rachael.bradford104@example.com,Rachaelrachael.bradford104@example.com,,0.0,{},Clientes,Usuarios
Barry,barry.harrison105@example.com,Barrybarry.harrison105@example.com,,0.0,{},Clientes,Usuarios
David,david.hoover106@example.com,Daviddavid.hoover106@example.com,Daviduser1@example.com,74.07407407407408,"{'first_name': 'David', 'email': 'user1@example.com'}",Clientes,Usuarios
Stephanie,stephanie.wiley107@example.com,Stephaniestephanie.wiley107@example.com,Stephanieuser50@example.com,72.72727272727273,"{'first_name': 'Stephanie', 'email': 'user50@example.com'}",Clientes,Usuarios
Joseph,joseph.moreno108@example.com,Josephjoseph.moreno108@example.com,Josephuser10@example.com,79.3103448275862,"{'first_name': 'Joseph', 'email': 'user10@example.com'}",Clientes,Usuarios
Joseph,joseph.torres109@example.com,Josephjoseph.torres109@example.com,Josephuser10@example.com,79.3103448275862,"{'first_name': 'Joseph', 'email': 'user10@example.com'}",Clientes,Usuarios
Adriana,adriana.austin110@example.com,Adrianaadriana.austin110@example.com,Adrianuser151@example.com,72.1311475409836,"{'first_name': 'Adrian', 'email': 'user151@example.com'}",Clientes,Usuarios
Nathan,nathan.johnson111@example.com,Nathannathan.johnson111@example.com,,0.0,{},Clientes,Usuarios
Terri,terri.white112@example.com,Territerri.white112@example.com,Terryuser142@example.com,72.72727272727273,"{'first_name': 'Terry', 'email': 'user142@example.com'}",Clientes,Usuarios
Dustin,dustin.bell113@example.com,Dustindustin.bell113@example.com,Daviduser123@example.com,71.42857142857143,"{'first_name': 'David', 'email': 'user123@example.com'}",Clientes,Usuarios
William,william.allison114@example.com,Williamwilliam.allison114@example.com,,0.0,{},Clientes,Usuarios
Robin,robin.barber115@example.com,Robinrobin.barber115@example.com,Ronnieuser158@example.com,70.17543859649122,"{'first_name': 'Ronnie', 'email': 'user158@example.com'}",Clientes,Usuarios
Dylan,dylan.kelly116@example.com,Dylandylan.kelly116@example.com,Brandonuser116@example.com,70.17543859649122,"{'first_name': 'Brandon', 'email': 'user116@example.com'}",Clientes,Usuarios
Jonathan,jonathan.nichols117@example.com,Jonathanjonathan.nichols117@example.com,,0.0,{},Clientes,Usuarios
Jessica,jessica.hayes118@example.com,Jessicajessica.hayes118@example.com,Jessicauser126@example.com,72.1311475409836,"{'first_name': 'Jessica', 'email': 'user126@example.com'}",Clientes,Usuarios
Ryan,ryan.schwartz119@example.com,Ryanryan.schwartz119@example.com,Adrianuser151@example.com,70.17543859649122,"{'first_name': 'Adrian', 'email': 'user151@example.com'}",Clientes,Usuarios
Justin,justin.kim120@example.com,Justinjustin.kim120@example.com,,0.0,{},Clientes,Usuarios
Timothy,timothy.gonzalez121@example.com,Timothytimothy.gonzalez121@example.com,,0.0,{},Clientes,Usuarios
Richard,richard.lewis122@example.com,Richardrichard.lewis122@example.com,Richarduser172@example.com,72.1311475409836,"{'first_name': 'Richard', 'email': 'user172@example.com'}",Clientes,Usuarios
Charles,charles.thomas123@example.com,Charlescharles.thomas123@example.com,,0.0,{},Clientes,Usuarios
Brittney,brittney.herrera124@example.com,Brittneybrittney.herrera124@example.com,,0.0,{},Clientes,Usuarios
Daniel,daniel.smith125@example.com,Danieldaniel.smith125@example.com,Danieluser17@example.com,70.17543859649122,"{'first_name': 'Daniel', 'email': 'user17@example.com'}",Clientes,Usuarios
Kyle,kyle.goodwin126@example.com,Kylekyle.goodwin126@example.com,,0.0,{},Clientes,Usuarios
Carmen,carmen.thompson127@example.com,Carmencarmen.thompson127@example.com,,0.0,{},Clientes,Usuarios
Connie,connie.chan128@example.com,Connieconnie.chan128@example.com,Ronnieuser158@example.com,70.17543859649122,"{'first_name': 'Ronnie', 'email': 'user158@example.com'}",Clientes,Usuarios
Samantha,samantha.thompson129@example.com,Samanthasamantha.thompson129@example.com,,0.0,{},Clientes,Usuarios
Richard,richard.casey130@example.com,Richardrichard.casey130@example.com,Richarduser172@example.com,72.1311475409836,"{'first_name': 'Richard', 'email': 'user172@example.com'}",Clientes,Usuarios
Zachary,zachary.young131@example.com,Zacharyzachary.young131@example.com,,0.0,{},Clientes,Usuarios
Michael,michael.gonzalez132@example.com,Michaelmichael.gonzalez132@example.com,,0.0,{},Clientes,Usuarios
Michael,michael.parks133@example.com,Michaelmichael.parks133@example.com,Michaeluser91@example.com,73.33333333333334,"{'first_name': 'Michael', 'email': 'user91@example.com'}",Clientes,Usuarios
Mark,mark.flores134@example.com,Markmark.flores134@example.com,,0.0,{},Clientes,Usuarios
George,george.goodman135@example.com,Georgegeorge.goodman135@example.com,,0.0,{},Clientes,Usuarios
Ashley,ashley.neal136@example.com,Ashleyashley.neal136@example.com,Shelleyuser66@example.com,70.17543859649122,"{'first_name': 'Shelley', 'email': 'user66@example.com'}",Clientes,Usuarios
Caitlin,caitlin.tyler137@example.com,Caitlincaitlin.tyler137@example.com,,0.0,{},Clientes,Usuarios
Andre,andre.davis138@example.com,Andreandre.davis138@example.com,Adrianuser163@example.com,71.42857142857143,"{'first_name': 'Adrian', 'email': 'user163@example.com'}",Clientes,Usuarios
Melinda,melinda.bradley139@example.com,Melindamelinda.bradley139@example.com,,0.0,{},Clientes,Usuarios
Bonnie,bonnie.allen140@example.com,Bonniebonnie.allen140@example.com,,0.0,{},Clientes,Usuarios
Catherine,catherine.rhodes141@example.com,Catherinecatherine.rhodes141@example.com,,0.0,{},Clientes,Usuarios
Sylvia,sylvia.bennett142@example.com,Sylviasylvia.bennett142@example.com,,0.0,{},Clientes,Usuarios
Jeremy,jeremy.campos143@example.com,Jeremyjeremy.campos143@example.com,,0.0,{},Clientes,Usuarios
Mary,mary.glover144@example.com,Marymary.glover144@example.com,Maryuser144@example.com,79.24528301886792,"{'first_name': 'Mary', 'email': 'user144@example.com'}",Clientes,Usuarios
Sarah,sarah.skinner145@example.com,Sarahsarah.skinner145@example.com,Marcususer145@example.com,72.41379310344827,"{'first_name': 'Marcus', 'email': 'user145@example.com'}",Clientes,Usuarios
Allison,user31@example.com,Allisonuser31@example.com,Allisonuser31@example.com,100.0,"{'first_name': 'Allison', 'email': 'user31@example.com'}",Clientes,Usuarios
Jamie,user32@example.com,Jamieuser32@example.com,Jamieuser32@example.com,100.0,"{'first_name': 'Jamie', 'email': 'user32@example.com'}",Clientes,Usuarios
Kimberly,user33@example.com,Kimberlyuser33@example.com,Kimberlyuser33@example.com,100.0,"{'first_name': 'Kimberly', 'email': 'user33@example.com'}",Clientes,Usuarios
Elizabeth,user34@example.com,Elizabethuser34@example.com,Elizabethuser34@example.com,100.0,"{'first_name': 'Elizabeth', 'email': 'user34@example.com'}",Clientes,Usuarios
Shelly,user35@example.com,Shellyuser35@example.com,Shellyuser35@example.com,100.0,"{'first_name': 'Shelly', 'email': 'user35@example.com'}",Clientes,Usuarios
Jacob,user36@example.com,Jacobuser36@example.com,Jacobuser36@example.com,100.0,"{'first_name': 'Jacob', 'email': 'user36@example.com'}",Clientes,Usuarios
Roberto,user37@example.com,Robertouser37@example.com,Robertouser37@example.com,100.0,"{'first_name': 'Roberto', 'email': 'user37@example.com'}",Clientes,Usuarios
Karen,user38@example.com,Karenuser38@example.com,Karenuser38@example.com,100.0,"{'first_name': 'Karen', 'email': 'user38@example.com'}",Clientes,Usuarios
Anthony,user39@example.com,Anthonyuser39@example.com,Anthonyuser39@example.com,100.0,"{'first_name': 'Anthony', 'email': 'user39@example.com'}",Clientes,Usuarios
Breanna,user40@example.com,Breannauser40@example.com,Breannauser40@example.com,100.0,"{'first_name': 'Breanna', 'email': 'user40@example.com'}",Clientes,Usuarios
Nicholas,user41@example.com,Nicholasuser41@example.com,Nicholasuser41@example.com,100.0,"{'first_name': 'Nicholas', 'email': 'user41@example.com'}",Clientes,Usuarios
Christopher,user42@example.com,Christopheruser42@example.com,Christopheruser42@example.com,100.0,"{'first_name': 'Christopher', 'email': 'user42@example.com'}",Clientes,Usuarios
Nicole,user43@example.com,Nicoleuser43@example.com,Nicoleuser43@example.com,100.0,"{'first_name': 'Nicole', 'email': 'user43@example.com'}",Clientes,Usuarios
Anna,user44@example.com,Annauser44@example.com,Annauser44@example.com,100.0,"{'first_name': 'Anna', 'email': 'user44@example.com'}",Clientes,Usuarios
Donna,user45@example.com,Donnauser45@example.com,Donnauser45@example.com,100.0,"{'first_name': 'Donna', 'email': 'user45@example.com'}",Clientes,Usuarios
Denise,user46@example.com,Deniseuser46@example.com,Deniseuser46@example.com,100.0,"{'first_name': 'Denise', 'email': 'user46@example.com'}",Clientes,Usuarios
Michael,user47@example.com,Michaeluser47@example.com,Michaeluser47@example.com,100.0,"{'first_name': 'Michael', 'email': 'user47@example.com'}",Clientes,Usuarios
Daniel,user48@example.com,Danieluser48@example.com,Danieluser48@example.com,100.0,"{'first_name': 'Daniel', 'email': 'user48@example.com'}",Clientes,Usuarios
Jason,user49@example.com,Jasonuser49@example.com,Jasonuser49@example.com,100.0,"{'first_name': 'Jason', 'email': 'user49@example.com'}",Clientes,Usuarios
Stephanie,user50@example.com,Stephanieuser50@example.com,Stephanieuser50@example.com,100.0,"{'first_name': 'Stephanie', 'email': 'user50@example.com'}",Clientes,Usuarios
Kristin,user51@example.com,Kristinuser51@example.com,Kristinuser51@example.com,100.0,"{'first_name': 'Kristin', 'email': 'user51@example.com'}",Clientes,Usuarios
Bradley,user52@example.com,Bradleyuser52@example.com,Bradleyuser52@example.com,100.0,"{'first_name': 'Bradley', 'email': 'user52@example.com'}",Clientes,Usuarios
Lance,user53@example.com,Lanceuser53@example.com,Lanceuser53@example.com,100.0,"{'first_name': 'Lance', 'email': 'user53@example.com'}",Clientes,Usuarios
Paul,user54@example.com,Pauluser54@example.com,Pauluser54@example.com,100.0,"{'first_name': 'Paul', 'email': 'user54@example.com'}",Clientes,Usuarios
Norman,norman.williams170@example.com,Normannorman.williams170@example.com,,0.0,{},Clientes,Usuarios
Danielle,danielle.brooks171@example.com,Danielledanielle.brooks171@example.com,Danieluser17@example.com,70.96774193548387,"{'first_name': 'Daniel', 'email': 'user17@example.com'}",Clientes,Usuarios
William,william.smith172@example.com,Williamwilliam.smith172@example.com,,0.0,{},Clientes,Usuarios
Joseph,joseph.mason173@example.com,Josephjoseph.mason173@example.com,Josephuser127@example.com,75.86206896551724,"{'first_name': 'Joseph', 'email': 'user127@example.com'}",Clientes,Usuarios
Tamara,tamara.lopez174@example.com,Tamaratamara.lopez174@example.com,,0.0,{},Clientes,Usuarios
Tina,tina.webster175@example.com,Tinatina.webster175@example.com,Natalieuser197@example.com,77.19298245614034,"{'first_name': 'Natalie', 'email': 'user197@example.com'}",Clientes,Usuarios
Gregory,gregory.harrison176@example.com,Gregorygregory.harrison176@example.com,,0.0,{},Clientes,Usuarios
Leah,leah.watson177@example.com,Leahleah.watson177@example.com,,0.0,{},Clientes,Usuarios
Christine,christine.king178@example.com,Christinechristine.king178@example.com,Christopheruser18@example.com,71.64179104477613,"{'first_name': 'Christopher', 'email': 'user18@example.com'}",Clientes,Usuarios
James,james.montgomery179@example.com,Jamesjames.montgomery179@example.com,Jaimeuser117@example.com,70.0,"{'first_name': 'Jaime', 'email': 'user117@example.com'}",Clientes,Usuarios
David,david.martin180@example.com,Daviddavid.martin180@example.com,Daviduser1@example.com,70.37037037037037,"{'first_name': 'David', 'email': 'user1@example.com'}",Clientes,Usuarios
Jonathan,jonathan.tucker181@example.com,Jonathanjonathan.tucker181@example.com,,0.0,{},Clientes,Usuarios
Jennifer,jennifer.cantrell182@example.com,Jenniferjennifer.cantrell182@example.com,,0.0,{},Clientes,Usuarios
Jennifer,jennifer.rhodes183@example.com,Jenniferjennifer.rhodes183@example.com,,0.0,{},Clientes,Usuarios
Philip,philip.torres184@example.com,Philipphilip.torres184@example.com,Philipuser149@example.com,71.1864406779661,"{'first_name': 'Philip', 'email': 'user149@example.com'}",Clientes,Usuarios
James,james.cain185@example.com,Jamesjames.cain185@example.com,Jaimeuser117@example.com,70.37037037037037,"{'first_name': 'Jaime', 'email': 'user117@example.com'}",Clientes,Usuarios
Leslie,leslie.crane186@example.com,Leslieleslie.crane186@example.com,Jessicauser126@example.com,71.1864406779661,"{'first_name': 'Jessica', 'email': 'user126@example.com'}",Clientes,Usuarios
David,david.robinson187@example.com,Daviddavid.robinson187@example.com,,0.0,{},Clientes,Usuarios
Jill,jill.gordon188@example.com,Jilljill.gordon188@example.com,,0.0,{},Clientes,Usuarios
Earl,earl.winters189@example.com,Earlearl.winters189@example.com,Alanuser15@example.com,71.69811320754718,"{'first_name': 'Alan', 'email': 'user15@example.com'}",Clientes,Usuarios
Sarah,sarah.smith190@example.com,Sarahsarah.smith190@example.com,Hannahuser190@example.com,71.42857142857143,"{'first_name': 'Hannah', 'email': 'user190@example.com'}",Clientes,Usuarios
Brittney,brittney.cannon191@example.com,Brittneybrittney.cannon191@example.com,,0.0,{},Clientes,Usuarios
Adam,adam.andrews192@example.com,Adamadam.andrews192@example.com,Andrewuser195@example.com,75.0,"{'first_name': 'Andrew', 'email': 'user195@example.com'}",Clientes,Usuarios
Michelle,michelle.reed193@example.com,Michellemichelle.reed193@example.com,Michelleuser11@example.com,74.19354838709677,"{'first_name': 'Michelle', 'email': 'user11@example.com'}",Clientes,Usuarios
James,james.harrison194@example.com,Jamesjames.harrison194@example.com,,0.0,{},Clientes,Usuarios
Meghan,meghan.perez195@example.com,Meghanmeghan.perez195@example.com,,0.0,{},Clientes,Usuarios
Leslie,leslie.webb196@example.com,Leslieleslie.webb196@example.com,Willieuser109@example.com,70.17543859649122,"{'first_name': 'Willie', 'email': 'user109@example.com'}",Clientes,Usuarios
Jennifer,jennifer.garrett197@example.com,Jenniferjennifer.garrett197@example.com,,0.0,{},Clientes,Usuarios
Jamie,jamie.bullock198@example.com,Jamiejamie.bullock198@example.com,,0.0,{},Clientes,Usuarios
Richard,richard.short199@example.com,Richardrichard.short199@example.com,Richarduser172@example.com,72.1311475409836,"{'first_name': 'Richard', 'email': 'user172@example.com'}",Clientes,Usuarios
Ana,ana.phillips200@example.com,Anaana.phillips200@example.com,,0.0,{},Clientes,Usuarios
