userId,username,first_name,last_name,email,password_hash,rol,fecha_creacion
1,user1,David,Downs,user1@example.com,e59b8079930668e1bbe4553ac712f769e76bb6860b06d7e312cf1e6702a94aa8,user,09/10/2023 07:53
2,user2,Robert,Davis,user2@example.com,5660fa8aedf91797711de248fc58178510786fcc575ddbc230031121691f83c0,user,29/12/2024 04:23
3,user3,Mary,Wells,user3@example.com,fd2a76860e1bfcd8961d44d967fb64a6f64ddf5df5280c9066d8bfb8229cdeed,user,07/06/2025 05:07
4,user4,Bethany,Harmon,user4@example.com,c50f4f5e2e53fa8d6ae274ce247de4b0a0f4d3ac1e91c492c9411f5bfd541760,user,10/01/2020 21:07
5,user5,Brenda,Meyers,user5@example.com,e33ee6d8d67511d4956a4e9c88a24ad540a8016c60b429031c1dd757fdc628bf,user,24/05/2022 18:32
6,user6,Yvonne,Jensen,user6@example.com,2d1f3fcbd5eb265f7eccec249d0c7615d8a946a6324ed6315be7e1adb51f7277,admin,17/02/2022 08:01
7,user7,Joe,Ferguson,user7@example.com,3d117ec76eb29f0252d8b527302b4ec158d9b1b269158188b0a74897eb1e9194,user,13/04/2023 06:34
8,user8,April,Gonzalez,user8@example.com,82cfc8b5cb361964fc5147ac2fdf1633fbf2ca4d7723779325b739187a7d5072,admin,18/05/2023 07:33
9,user9,Colton,Collins,user9@example.com,efd9567c2728e401d76e7ce51fcc9779a70553671bbec95162062d10150252fc,user,13/02/2023 22:28
10,user10,Joseph,Yang,user10@example.com,c50bab410f178ab5e861c5964dab1732d469ca58ccaaaea017d4a6eaefff98d5,admin,27/02/2023 08:50
11,user11,Michelle,Logan,user11@example.com,771014d93840d0f6edbf18f5c00880a3380a95ca6c7500e313072cba61398d33,user,18/03/2024 20:42
12,user12,Mary,Pollard,user12@example.com,25999f75124a9196c9fe96347a6a52c95be891fa1ba1c0d7d538d28a8849acff,admin,03/07/2024 11:13
13,user13,Gail,Harris,user13@example.com,cb599ed27ddeab6daeaf175ccd1824742c6cbe4a330a0a0f740b6891c84caf32,admin,10/04/2021 12:19
14,user14,Lauren,Fletcher,user14@example.com,56b40b32e803e62bf862ebcbac84d3f7a15c3f1058d3c9884d690937f3a13be2,user,09/06/2023 03:20
15,user15,Alan,Liu,user15@example.com,8f03292e37bab9d517ee81b07ce5898cdc7decb539befc4fe5ca6fe94627be8a,user,05/09/2020 10:24
16,user16,Douglas,Williams,user16@example.com,862d8e1d99c301fed9d15860509178424d9e3d2e97b346122c1b4b031813ae3f,admin,24/01/2021 20:35
17,user17,Daniel,Smith,user17@example.com,5dd75b0f7b12aa1e3cf90884bdef22be9c6ac3b43a8c78c5df8137cae1f967a1,admin,19/04/2022 07:44
18,user18,Christopher,Jensen,user18@example.com,93604b722eef6284a8e419729d6bf24358880ec37293b0bd4aa4c1260b1b574c,admin,01/05/2025 17:52
19,user19,Haley,Rodriguez,user19@example.com,7b596bdd324d3cac6ca74da0903268c99ed7c35d7169bff8fd01bfbd88b83788,user,19/12/2023 12:00
20,user20,Alexis,Cox,user20@example.com,48a40a9c77adfdfdfdaa699cc4411443ed496a746fe2073cced6cab0a0065acf,user,22/02/2022 05:57
21,user21,Deborah,Davis,user21@example.com,d3fcb6533dcd98998ebca25fc7903e28ebb3881d041e1589fa345d307be4e2e6,user,02/10/2021 04:39
22,user22,Brenda,Reynolds,user22@example.com,23f3b1d52f533a99d4ae1204844a9531358c9810edd2099ed82630379aa0c375,admin,24/07/2023 19:33
23,user23,Paul,Nash,user23@example.com,827eadbf97a5af94f87a6078270062cb77cc21fed3c4468ef34b2ab20fc9019a,user,30/05/2023 14:51
24,user24,Steven,Parsons,user24@example.com,9ee4e4547e61c055c1b9018bc62424d955233e9f4294be3ebc903b84fa766fd4,user,26/02/2025 08:40
25,user25,Adrian,Richards,user25@example.com,6b4e19b5c9ce45879bde7d15906c8df2395d50bce2847dfe27d864d842a54bac,user,30/11/2020 20:15
26,user26,Kristin,Hall,user26@example.com,ad191b2cf170a4fd5cd7fd9139bec698fb5d1ecc7ad04a6a21d92443ef165cfd,user,15/01/2025 08:55
27,user27,Gerald,Brown,user27@example.com,286754b828bed2287380066a51a80054890e9d94d8837ad987c2a836a886fcaa,user,20/12/2023 02:11
28,user28,Susan,Freeman,user28@example.com,efabd01dfaca57576b977bd43ba3534091ebac63826030cfd68f146ed46a34dc,admin,25/04/2024 00:14
29,user29,Gary,Thornton,user29@example.com,7d2def469a578f75e3bd5f94068743b583128e89c643d37345d3d9c7833bfc0f,user,09/12/2022 00:59
30,user30,Joyce,Bailey,user30@example.com,a5e2274662b5f9431a90a24beeaadc8530aed114c6f0fcd234d3f750d9fd2d9c,user,01/05/2021 09:58
31,user31,Allison,Hill,user31@example.com,f0c6c417546fd71bc5f179ff90977984ebe3d40471e927ea710414c94fa24230,admin,27/07/2025 12:13
32,user32,Jamie,Miller,user32@example.com,d25988d21db7680b5cd9c92b655b78439350fafe4b1e3e778bfe7d58f3efdca8,user,24/07/2022 02:54
33,user33,Kimberly,Johnson,user33@example.com,b0f551f25ecbb059747639cfd8126446d9abc0a253c4cf24df9d84837ac10167,user,29/05/2021 19:20
34,user34,Elizabeth,Smith,user34@example.com,c6bf68319c36979fd80063736134a584939edc72458d60b0d320cd92ed6eb94b,user,17/10/2022 22:34
35,user35,Shelly,Estes,user35@example.com,7d08de6d31ff8f3c192096f377a39faff5ed1cface41658d7f13a440c5955676,admin,02/09/2024 04:10
36,user36,Jacob,Williams,user36@example.com,94b7c84c5e5a766c8e572db187b934f910a71d015b848f17ca71fa8c8b352904,user,24/11/2023 20:34
37,user37,Roberto,Chang,user37@example.com,bac1087fcd6d55fbc27ddfc4fe28bc0730a22bf9fbc929f918de5ac44010e601,user,27/06/2022 04:22
38,user38,Karen,Smith,user38@example.com,513bde4f57604c1ff70ca970f9d25af2d2aa66fdb204bbcf9e7ddd3c4228ddb1,admin,15/03/2020 20:12
39,user39,Anthony,Hernandez,user39@example.com,6191523331a6d31c2cb69f36fbf71452f66126d76bb2fa13ff1df170d9ebac3a,user,29/10/2020 15:39
40,user40,Breanna,Watts,user40@example.com,634de8294a6c02051e3cb8428c6aca22f4f887f1753945948ab9fc9f44b642eb,user,18/02/2022 02:44
41,user41,Nicholas,Marshall,user41@example.com,5d7ae8ec5c4e6c11573fcc2d19133d6421363e80bf19e8adba3b7cf9d43b3c83,admin,20/05/2024 08:31
42,user42,Christopher,Bowen,user42@example.com,e8de082bc8e695b7acd204c0c5055608742abdbea96227b63a96cc39440b81f2,user,22/10/2024 15:03
43,user43,Nicole,Thompson,user43@example.com,52af79f92526cea6db99fcbcde46927e732b70303057f7d00328fa7b51ec8cca,admin,09/04/2023 22:49
44,user44,Anna,Russell,user44@example.com,c875b8a9bb9eae6e3d61af9404f3b4c622754da4aadfadf7564dbfd0fd455a05,admin,11/03/2020 23:19
45,user45,Donna,King,user45@example.com,a4ebf214070f6906e78ef8576a7b0a1c2957a29a287f069c79ab0cee3fb8d044,user,01/09/2023 17:08
46,user46,Denise,Byrd,user46@example.com,7b3b5ee1c17ee6de77245abe8111aaa11da66cfd3c72c29e6c48fb744fe59808,admin,02/12/2021 09:25
47,user47,Michael,Robinson,user47@example.com,3a3dd02dca99d6321cdc82332bbc963bca062adc1d7240a2a9fc16b53cccf7bc,user,10/10/2022 06:43
48,user48,Daniel,Harrison,user48@example.com,46a2e8b06c29e1eb15ffd040c2c621bc67d2c9c65e924243e928c8f2f9f0c137,admin,01/05/2022 10:43
49,user49,Jason,Sellers,user49@example.com,fc2b054de97738ad542092471e7a0bd33939ed8584b7d58e8e30f0c72c8acc8c,user,26/01/2023 00:29
50,user50,Stephanie,Torres,user50@example.com,2c59437d9c60e8e70d8e495f359bed4dc725ee1c5375eeb42366ffc424e7c6b0,user,01/01/2022 21:18
51,user51,Kristin,Randall,user51@example.com,9fdc08d5e97c06d0d087bc2b30ce5c0428f6d8e4f9319e33b5031a2a1079baf2,user,31/05/2022 18:46
52,user52,Bradley,Nguyen,user52@example.com,96f53dfdb1af7f7ad649b07ff2c6b4d6eb9f89a0de9720545e8df1b238a28229,user,23/10/2023 20:54
53,user53,Lance,Rice,user53@example.com,140dd14165d42834f3bff345e9b8ce9a11c23f6a4bdbfabc3c0d147d856d66df,user,18/02/2022 09:14
54,user54,Paul,Perkins,user54@example.com,e8249665dbb4ea392b772861e33c7b07cbe4b019b1ea19f3ba4c769cd3fed6f2,admin,27/11/2021 00:39
55,user55,Jessica,Baker,user55@example.com,13a89d1cf74c286bcddd05f353f3b848be5ac9aac0c29f6c553d2bd07865680f,admin,12/01/2025 11:15
56,user56,Thomas,Stokes,user56@example.com,884f65195d18311f92079ba0441b2b8180d40eff0f3b370ff330a7a88cae376a,admin,14/01/2025 00:42
57,user57,Scott,Leonard,user57@example.com,c3cb8ccc74d4c4480ba542bc3e34e934ccf109ca8b013fe8cc5963076207f325,admin,03/09/2022 11:13
58,user58,Robert,Wiley,user58@example.com,0fe4c66faa79b7a2d0f5fd4d691517cd171d8cece5ddd3d0debb9addc7b84f50,user,09/11/2021 23:41
59,user59,Robert,Young,user59@example.com,599fd8ffaac619b3b8e5c24651d0b3e132c590c3cce06bb7fd9bbe52d5e7f6f7,user,16/08/2020 03:30
60,user60,Gabrielle,Webb,user60@example.com,c53db83d3a160c6700bfdc0ad440007f8784176c2ad32cf50f0be8cddffc9c1a,user,21/04/2022 08:21
61,user61,Heidi,Phillips,user61@example.com,9e9c734ce34c7505d95f654489f04d0fc268cc6cba4459c6306227a09951651c,admin,01/10/2024 01:00
62,user62,Christina,Miranda,user62@example.com,273d658171fb34e5576bdb17e5cd5bfe9413a6be47ab569548bab3bfa0359818,admin,05/04/2024 03:10
63,user63,Cristian,Shepherd,user63@example.com,ed73540debdb910067fab1a94edf8705f44eca5a5097d2261e8dd5f407a68e7c,user,16/09/2021 18:32
64,user64,Thomas,Perez,user64@example.com,0d09274e7fee047de18831143691fcbe4df7e78a56311de87efa375ecaeb9a28,user,19/08/2025 23:07
65,user65,Duane,Christensen,user65@example.com,adb12d16824a505b49512ea630f474056da1abe4e4516c6c81a82e65e6987e4b,user,11/01/2025 04:34
66,user66,Shelley,Gray,user66@example.com,ee95b1fef793490a2bf96187211c0eff0accc126befd56c8df713f5bcec749c1,user,06/09/2022 16:48
67,user67,Steve,Garcia,user67@example.com,959d5b42a44c6d92e655269f35ac89850c9977a4d7db25b9537cf88df82c1f36,user,04/06/2024 06:51
68,user68,Kim,Silva,user68@example.com,54ac374dc17f762dba5351dc84c54b1ac1e79ab88e54a20df82835c87c6df32a,admin,23/05/2021 22:57
69,user69,Janice,Morales,user69@example.com,f2b5c54648176fa1f0dd2c2353f762dc9ccfb99ee2eda59659134d1fd1e5b61e,user,14/12/2020 23:08
70,user70,Crystal,Stokes,user70@example.com,b173117e443b8c72313b4556ff8e6d9b8b5d8b3d1f9aa0bcbab7cdd3e3070c0c,admin,03/01/2023 03:01
71,user71,Deborah,Beck,user71@example.com,8f6bcee97a157a127eb7422829514c829df522d46e3f6b0310897c691b8f293d,admin,12/07/2021 15:30
72,user72,Jessica,Bell,user72@example.com,0dbf2597802ad2d1730d075c82a43f3691004e3b3e7d0058eb76775cf7634f1f,user,20/06/2025 18:18
73,user73,Bailey,Pineda,user73@example.com,8d5b54e300f516654181bc0b344da4277466fd14a9063f2c60cda774e9eb666e,user,27/09/2023 07:55
74,user74,Gregory,Rodriguez,user74@example.com,3de9916752bde2e137068644a6a6ea8de7a3724c9706fe72047eb59a76b307f0,admin,18/07/2025 08:56
75,user75,Lisa,Taylor,user75@example.com,d93de47ed2d3c51d001957a6afb9663fa0465b1dd979f18030a50e516a991a5d,user,26/06/2022 12:00
76,user76,Madeline,Meadows,user76@example.com,8310eeff96468e2ce5a657149b1938d7e025d0ff9830c4c1141083a916a24e6f,user,18/12/2022 18:27
77,user77,Stephen,Hensley,user77@example.com,2318f8cb8cb4c3e7d17df8e2fba384509dfd30e8a16bf25df8d36a5dfa8f8575,user,16/01/2023 04:50
78,user78,Douglas,Miller,user78@example.com,7c7a2bb385ccdaa97c06cba564b74f000678f7e33709a0c8529419a544854598,user,30/09/2024 10:57
79,user79,Crystal,Green,user79@example.com,af0ac4c54f0617232e0753c74a0b4a60f0d0afdb3619cac08d57338e1889f2be,user,21/08/2020 11:00
80,user80,Jeremy,Mitchell,user80@example.com,f238fde24e61d3a4363f4f318a1b1201b02d516ceb846a41309390579a460c5a,user,07/01/2025 07:37
81,user81,Erica,Castro,user81@example.com,c0c454ddd87fbce706fbc1f0d2278d1a2623918dbe048dddb9ba2f11f639a6f6,user,30/05/2024 17:16
82,user82,Mary,Rhodes,user82@example.com,9b76fbc1836b139377ca3d18fd63127465d029d4abbd2ad15bec3dc440f694fa,user,11/09/2020 23:59
83,user83,Danielle,Pham,user83@example.com,54a9008324c72a3b9c6afa8a95f82a2c511eb7c559c056af504c6d7b4d80f42a,user,05/09/2021 09:57
84,user84,Amber,Porter,user84@example.com,a4c1e2b5a1ce390a5bca6ef49159d13b20a1b552875390ae4bc72135c8a89850,admin,19/09/2023 18:27
85,user85,Raymond,Marsh,user85@example.com,efb43083d831ece77929c6521a3683f20970b5b3ed82910d94fc83b4f3203ee4,user,18/04/2021 16:27
86,user86,Jack,Mitchell,user86@example.com,7a9a1f24dc5251c4a94d8ebdf202460c0693120788144022620656f85017b947,admin,02/11/2024 14:24
87,user87,Denise,Burton,user87@example.com,2650ffa9bcc0a8b71838d20df88ec935c39ea4aaa96a83148bf9203ecd949f98,admin,19/12/2020 06:45
88,user88,Russell,Holmes,user88@example.com,ae270a9691e4f6bf54b6f3a3c924144ffa195eefff4450f20ac266901c173431,user,20/06/2022 04:04
89,user89,Deborah,Thomas,user89@example.com,3a918b38f371b12bdb045a9bd5d5eb419f877b7bda0f11a00f487516a328bad9,admin,12/05/2024 06:20
90,user90,Heather,Nelson,user90@example.com,c7b2b32e1e88e670381b34274124ce67c9a2707d3f390de8ab49d2e3b1a64d58,user,27/12/2021 19:24
91,user91,Michael,Thompson,user91@example.com,aa9cc488c61cf6ecbd19b359103fa30d3d2c5798c93bc1ea9a80377771c30c6e,user,28/10/2022 17:51
92,user92,Rebecca,Hicks,user92@example.com,58ba01ade46d5d76fe0a57eb462bf1a5bbf136f4f4830e0f643b1537a2d1fef7,user,05/07/2020 04:19
93,user93,Heather,Randall,user93@example.com,ee8e0d9c8b0d16811dbb869362188de1c4d761b708007fda85cfb29ef2375417,user,09/12/2023 12:16
94,user94,Chelsey,Lee,user94@example.com,b06ad424abd18c31e5d417ce5559f8152b73f1fe2df48329971fe116a7fe47af,admin,24/10/2022 03:31
95,user95,Nicole,Thompson,user95@example.com,08bee1319e2b87ce3a03e402faacfa383af6c57c12d16422917d3d3819b56865,user,08/06/2020 14:18
96,user96,Kristin,Thompson,user96@example.com,4a84689f35dd4e900327e63aa922db39fcc16a91cf3eac9c7037c2e864d61b61,user,20/06/2021 23:05
97,user97,Sandra,Campbell,user97@example.com,b9ea52d4d1211b5683bb3f7ca01f2a1668cfcc9b11ba9a46e0c33de6489355ab,user,09/07/2023 05:00
98,user98,Danny,Rojas,user98@example.com,1b0d58d3a6e05dab25609ea218d565411ede13cec2e7d042eb3f1cfe47385c3f,user,17/05/2022 10:09
99,user99,Edward,Blanchard,user99@example.com,e4996fa1c522fc87e91b958d854bbb73fa0946f075687ade98f7fc1bbdf2727c,user,24/06/2024 09:38
100,user100,Aaron,Harris,user100@example.com,3ab24964b3aa2126a1557f73b7ae554e67a57122e116a552ad5bbd561eeb6cce,admin,01/07/2021 11:32
101,user101,Noah,Noble,user101@example.com,1e4619cdaa1e47eccc755e21d142b32337027b4a76d90fe4565781f7ae3e3a73,admin,19/10/2020 01:25
102,user102,Sean,Hensley,user102@example.com,f24e4e035a54d60f4cb0962911f6e8dd206dd86a82f205e3eea399954bf29454,user,28/05/2021 22:39
103,user103,Carl,Gonzalez,user103@example.com,55eac21712f43f8ca85c1896a475fb3b9a770af5efcd16cbab007534caa1575a,user,06/08/2024 08:26
104,user104,Daniel,Turner,user104@example.com,5f7d0e14c164ae70ba2151069d95ae316cdec2280a8008e23b36b79809c97fab,user,06/06/2020 07:14
105,user105,Jerry,Hines,user105@example.com,f5135094804c3c4917bd43c8fe580cdb16aa37759b3224e9a2445b7483f00d69,user,15/11/2023 16:42
106,user106,Brandi,Sosa,user106@example.com,3b3a006275d222425b0e1ef4258b47739951d7a1037cb5bba9f2bd8c2589540a,user,18/04/2024 05:57
107,user107,Mark,Reyes,user107@example.com,592e6e77a84ee6ca308271fafe6b2431689525305d6a3dc2e7d3578195378509,admin,18/05/2024 16:12
108,user108,Rachel,Arnold,user108@example.com,8f9b2da92117845cca69a0077877661f5c1af4b33310302e209e3ecd9629d55c,user,26/09/2023 13:28
109,user109,Willie,Mckinney,user109@example.com,b532ac63820f0497c7a11ae4f899027a8d1c4ccb6b80ed1f82891c9b9150e6f1,admin,30/01/2022 05:54
110,user110,Amy,Kelly,user110@example.com,2ab5079d4d2226d84479a68b205b4bb548e05ee8610e15a839e58d84ebaa5ec3,user,11/06/2020 11:52
111,user111,Marissa,Johnson,user111@example.com,043fdd46d03733a84164b0c65cb9dd32065274f8be3f3910e87c8af259b2e664,user,19/12/2024 11:07
112,user112,John,Sanchez,user112@example.com,7d83ff675fc9357497da25a3910132c28ef8ff032d1662c7af2246bc3adbfbb6,admin,25/06/2020 12:57
113,user113,Elizabeth,Marshall,user113@example.com,f4ef5079af03833f9e51f38b39a084e2c285ada211d2cc57c6181d9b5237db50,user,08/09/2021 21:54
114,user114,Charles,York,user114@example.com,f9a1eaf415f50160039d681f2f8d31e84c6e033630759363c2dc72072b4cbe2f,admin,23/01/2023 14:43
115,user115,Nathaniel,Rios,user115@example.com,aab5a1414e5b413ecbb17d4f754bf81087d28942f34c4aef6d77119b09e66718,admin,06/07/2023 04:43
116,user116,Brandon,Coleman,user116@example.com,5b89be4b0116fce942388f926cffbc8f04344aaa0e8debc28e3b000b3bd49925,admin,09/09/2021 22:23
117,user117,Jaime,Carroll,user117@example.com,4f8e74760831f912382b69f8fcdf7a5faf0e212b9ffd8c2f6d73619e81839f4c,user,28/04/2022 20:07
118,user118,Jay,Wiley,user118@example.com,bb0cf4b4e594ea272f7534764a29912f6005b9d2e2faa59e4f0d050e3c199b0c,user,12/08/2024 19:14
119,user119,Steven,Harper,user119@example.com,a90c7a4725e39ba998d6af12bceb3ebe55bbd9241bae296dcbd0fda4200e71cf,user,09/11/2021 03:00
120,user120,Mary,Doyle,user120@example.com,7b300562e0944cbcdbb92e1ee7ad3c8c225e3de321f2aed153c78561db7ef6a5,user,27/08/2023 09:33
121,user121,Kelly,Pittman,user121@example.com,d79ec450ea2d31ee3c731c801eab6c914ebf6694df7f498f3cfd6a8eba3b4984,user,30/12/2024 11:14
122,user122,Andre,Young,user122@example.com,85650af593a42f2e6f5528319ecc4dc5628fe78876dee0806d200b3396dfdf2c,admin,08/12/2022 18:40
123,user123,David,Bell,user123@example.com,497cc171f4e73c2547b36e2addeff1e32d906af8e1116cdc6a7e52ce576c6eef,admin,26/06/2021 18:42
124,user124,Amanda,Erickson,user124@example.com,8d80acb4becd7ab8aadec3692e0f01875d341f2a8b711009692729896a79582c,admin,30/03/2024 01:34
125,user125,Jacob,Casey,user125@example.com,d3403ad6bffe678d41ae64d169000385c063a9e54a1e86900a64e7b90be57d6a,admin,07/06/2024 07:17
126,user126,Jessica,Martin,user126@example.com,40c27b31c7e01b6ba8579062e75b58e13464c2d98371d5b305466d50d68de582,user,04/08/2022 10:38
127,user127,Joseph,Hogan,user127@example.com,e7a51e66fe64b23d1e67d4f8170d933f1f1b0a36935e23c9873ff23876359a7b,admin,26/01/2023 17:40
128,user128,Eduardo,Smith,user128@example.com,cffedc09fe478c289d30fe0c2599474dee4b65f26c56c37c7ca147179e8d3b61,user,06/08/2024 06:52
129,user129,Victoria,Gordon,user129@example.com,24a6a23b5a0db17de02b6db0f4bb1e56112e2b5c694b43fb140f090f30edff43,user,16/10/2024 20:21
130,user130,Virginia,Becker,user130@example.com,3164f75db3aa067989de10c7f4c8fdd4a06f5c3db050de70c95468df9db937e2,user,28/08/2024 08:46
131,user131,Courtney,Jones,user131@example.com,bd9a39f63dcf856437d9b2b1ea3df933a421ceeca4b8bda69bbbe2890dc6aeca,admin,03/04/2020 23:16
132,user132,Marvin,Stevens,user132@example.com,799bffc32c21b34dc4aea070545411e9c823578959e8896105a270b320213e34,user,22/02/2025 03:46
133,user133,Patrick,Lewis,user133@example.com,f665d8f9f50ba885d83e393ce1224172eb2fb2f6958261121421b028b123ecab,admin,08/09/2024 16:21
134,user134,Sue,Gentry,user134@example.com,040dff28574330421f0e9e86e07e4486864cd875f73e274914f95f3803274697,user,04/11/2022 05:30
135,user135,Suzanne,Griffith,user135@example.com,1c267e6e925bb01753f8ee52b5cc432a62d48038937eeafe647e298b9e2b1a13,admin,22/04/2022 16:45
136,user136,Kimberly,Ross,user136@example.com,1831385f2feecd42cee1f55ac0a57f6f4578765bd38f6198165ad39ff4bb2d86,user,06/08/2025 06:11
137,user137,Jimmy,Ramos,user137@example.com,62011ff6905e242a5ca1458f808208d7d148c62a8c14a1bf90c49c7db1e6c48d,user,11/01/2020 02:02
138,user138,Beth,Smith,user138@example.com,1e9cb7d0e1c1981c8b2e7532802f0ad821e121d93142ed822392c184af8a0247,admin,09/02/2025 03:28
139,user139,Patrick,Watson,user139@example.com,05a5da346ee229d9c7d58d462bfb63d9c0797940d6d56f24b7fb415badb316ad,admin,16/06/2024 18:59
140,user140,Theresa,Johnson,user140@example.com,4141ecbbe5265a03e1028e94d6e3e33fce03803f8a18b8066fd12ce84af16fea,user,20/06/2021 06:05
141,user141,Andrew,Larson,user141@example.com,0a358e6c25d339922cbe0581f5d9a8b10f79022c555ffe10e702708c04a53c32,admin,11/05/2020 14:19
142,user142,Terry,Gonzalez,user142@example.com,00698dc76b8e5ffbb01a50df46a1e5f01c490e345fcc37d934524ca76e90dde9,admin,08/04/2023 13:04
143,user143,Clayton,Soto,user143@example.com,31a88eebab2059f9615be5a95c76f2430481460f832559f93c266f3fa9587f4e,admin,06/01/2022 23:31
144,user144,Mary,Brown,user144@example.com,438689dfdf0a3edffb2bd3ad6c15c4727b602762b9560ebe8f302b8f7d9937be,user,23/02/2022 14:00
145,user145,Marcus,Munoz,user145@example.com,ec30f6b1a2f04910a790bd0c1f1a3c417c98ea9c4efaf7fc4571f7e7f91b5cda,admin,26/06/2020 22:45
146,user146,Nicholas,Lee,user146@example.com,9b9baab103bc27e7e077f71afafe3536bd1a3877f875ca9a35e7bc0987de8a8c,user,28/09/2022 04:11
147,user147,Michael,Morris,user147@example.com,23cd712896f80b6b42c4e2ad84688f3e09b84fe9dc3d8056178542ff1c341570,admin,24/09/2020 22:23
148,user148,Craig,Wilson,user148@example.com,02b06c375d27d1275591b32fb66091ebb3244ffd05eb3546e9caa7b48eb45c1b,user,28/11/2020 08:14
149,user149,Philip,Collins,user149@example.com,dcf7cd19d2d36ea0887ff920047dfcf6453b77cc1bac6687c037691bd56c353a,admin,15/05/2025 18:43
150,user150,Tonya,Sanchez,user150@example.com,a211d929c925c86da3df692c1d14773736e410574b07ebea9382c2477f388375,admin,13/11/2024 06:01
151,user151,Adrian,Jones,user151@example.com,be187e9a130088a927828426990233228dc4d899eb3ce3d70cad31ab5b3af3d1,admin,28/01/2023 04:12
152,user152,Carrie,Wiggins,user152@example.com,46cd134d1f16adc289b20bea037ab45479871a836914662f0933bc8f15280f46,user,11/04/2024 05:28
153,user153,Logan,Nguyen,user153@example.com,8eb563bac07335bbfa9e4aaf233b43dc561d5db9059102f3cfdf5208729deb0f,admin,02/05/2025 01:16
154,user154,Jacqueline,Moore,user154@example.com,d83a6c3938acb7c822f04b6b19fab45f56672448ee3c0837c26ae50af3bcf0c5,user,26/06/2024 04:08
155,user155,Patrick,Stout,user155@example.com,44b8943edabbfae02c5848b6ea5bc7d7fdbb70d35e5fca4cc1813bec73d55b07,admin,04/05/2021 03:30
156,user156,April,Wiley,user156@example.com,664d30d27418d04b54516b5203b19abdad8592e32bc493c373a2ccbd889a4658,admin,07/01/2022 18:29
157,user157,John,Lane,user157@example.com,efa57f646d18f9ade7dd422fca37743248c22754866bc5cd20bcc00b730068eb,admin,05/10/2023 21:09
158,user158,Ronnie,Chandler,user158@example.com,aa5ce23de941042ec8cb1aa091e467a62408d31b4ad85ccb49639c7182380bcf,user,19/11/2020 12:59
159,user159,Douglas,Brewer,user159@example.com,8cf4925ebcae56fff23d7cdfb70445f48874222a6fc6070e33546e55cf019ea4,admin,14/08/2020 21:24
160,user160,Christopher,Mcdonald,user160@example.com,f267298d55d5004e0bd07569c518812591517d29c485c5598d999bf1665bfdfb,user,08/06/2024 04:29
161,user161,Aaron,Schultz,user161@example.com,c1611360b6bf4428836c46418d3feeedcd75977630650d05008a087b726f0ed8,admin,06/04/2022 19:22
162,user162,Herbert,Jimenez,user162@example.com,dd51ffe14ba16abe66bbda04c6bc0633cd66b09ea3d0c05b90dad8d333983fa2,user,13/02/2025 01:58
163,user163,Adrian,Smith,user163@example.com,c5951c25fa41aaa102a1fce740f8f6d569aac397e1e221f50b8202c3ec44da94,admin,31/05/2020 12:44
164,user164,Matthew,Hansen,user164@example.com,37943cd8d90dbc0dd5cc323719d10446d4e809fdfb9920cf3da876a4a0c582ec,user,13/05/2022 07:12
165,user165,Gloria,Cole,user165@example.com,1518feeb5e527e2f696f02288fc0a7c4b7547bc141cdb83540c9cf97ff1ac057,admin,20/09/2020 00:46
166,user166,Rebecca,Boyd,user166@example.com,6ef026b6e93d03601672b41f5ce2712654db33ee17d98019a93b8bd87d9da976,admin,03/03/2024 18:04
167,user167,Michael,Cochran,user167@example.com,20ebad85df5e846b623d14b15437847efdffe91648bdc04b989acdc4283f458b,admin,14/01/2025 11:23
168,user168,Daisy,Thompson,user168@example.com,5624aa8e4b7b9e5316230daf145aed734ae6a6093105d34428a536132ac51a2e,admin,14/09/2024 22:41
169,user169,Robert,Vasquez,user169@example.com,152faf2e670446d0c4e91aa97e6ef68fad58647ba36b2b825313d27b1b7b86ad,admin,22/02/2021 16:26
170,user170,Autumn,Knox,user170@example.com,209710e584b8974f1cb3abaa7670ef2f7541f410c2d9e54a0556a9f5692d6012,user,31/03/2023 11:23
171,user171,Angela,Mills,user171@example.com,1c65b9b787f0adb05eb34ee79dea01c3870e82baabb00e5ea60e4632891e17bb,user,17/06/2024 02:59
172,user172,Richard,Drake,user172@example.com,9029b1999959580335ae180c8a9c4df3576dd928a1f7968a4b61c1b4aad6a400,user,30/03/2022 05:52
173,user173,Kevin,Stewart,user173@example.com,dfa02937ab353972d54ae3dcc4481d54535dd03e9da227ddf53659e0db5078e6,user,23/11/2021 01:01
174,user174,Jenny,Wright,user174@example.com,9fc52f962c727692bcf16237f0b12aada6b2baacf9f2470bac424b616e35bf69,user,17/05/2025 12:28
175,user175,Zachary,Allen,user175@example.com,97e43d5381de9ef91824b38633d57cc897baf98f5801e0c6e8ac7a5b4fa2b158,admin,05/02/2023 05:23
176,user176,Diane,White,user176@example.com,ae937e821e4256d1ba80ba05b82f2eb18ac59a7143a2d9dbb239fcd3dcc82baf,user,03/12/2022 10:03
177,user177,Christopher,Williams,user177@example.com,97ce45f94e16befffd00436fdc8752d5fe3974f378fcbdcc1c7622cd37bee7c3,admin,21/10/2024 20:02
178,user178,Amanda,Stein,user178@example.com,124fad982aa776de45f604b76a2c758f236bf93a9b6e338164a7e2da324e8081,user,31/08/2020 03:14
179,user179,Beth,Miles,user179@example.com,f56338cd1cae5da8e028d024269e7672ceec632888bf5450b6063addfa1be0d3,admin,25/09/2022 08:27
180,user180,Jack,Perkins,user180@example.com,2147c81d87439262346c1297c82f06d85b9b9881f094742248ce360a764b358d,user,16/08/2024 18:55
181,user181,Luke,Torres,user181@example.com,19a3cf46767f680eab2125c69f018bbf6f7ddcda0d444271f19c566925f7cf33,admin,08/08/2021 07:48
182,user182,Joseph,Gordon,user182@example.com,446d72c75a4315f11ceec740b0c04f384832904d5b50449c06629077d418114b,admin,14/10/2022 15:51
183,user183,Wanda,Wheeler,user183@example.com,657c00300d84e3740af100ea59a0a5f2ac3e2d379ac36c5e2d32dacdea55118d,user,22/06/2022 23:16
184,user184,Julia,Williams,user184@example.com,31239e85bab2618e3a7b6d411bbc04495987132c9e5bf91ce4a4e7c87a3609ff,user,31/07/2021 05:03
185,user185,Joseph,Lucas,user185@example.com,724cbad7eb8f5b500904c79f6dc979643a6ff68aee941b1dd7e714d3d5970b3b,admin,27/03/2021 13:01
186,user186,Heather,Simon,user186@example.com,dd4be734b6b7ad23d4b74150a483fd0209016b10ea94e77aafecbed1c3710179,admin,10/04/2024 08:58
187,user187,Timothy,Chaney,user187@example.com,9505ca8e128d1448cfd5a3d39d3190640c8f683393660d502b3a53cd39bff8b0,user,03/07/2025 23:23
188,user188,John,Thomas,user188@example.com,5f7bb45626c4bc74502aa5983c165b3287e4b125a42ea86aa1c02279d9761a81,user,21/02/2022 13:47
189,user189,Shannon,Hanson,user189@example.com,c6929f1582aef2d1640d845e624f87add1a584c5bc4536ca54f73e19edc1c125,admin,22/10/2021 07:32
190,user190,Hannah,Reed,user190@example.com,702e9d392b5704d659c16e07120b598482d54c21fbad04e1ff0c601209a45e90,admin,04/10/2022 16:20
191,user191,Alec,Raymond,user191@example.com,17427179e1d57cef561126026177121785037f51fdc458399bb6d47dea1fe207,admin,20/01/2022 12:51
192,user192,Brian,Alexander,user192@example.com,96bcaf89993515c7410c4e2f04fd9d9b52bcbfe0b767275a0c2df3a8d30b40ec,user,16/07/2024 06:09
193,user193,April,Hansen,user193@example.com,3c3cb61ac52018cc41b951f705f8bad55e75f66f9a1df4051d1ab0ca9c7c1178,user,01/09/2020 01:49
194,user194,Yvonne,Dickerson,user194@example.com,08c70d47bcbc4c4d22e5053bfcc42c3d15d54ef611d236d5b73a7154a3511377,user,26/02/2023 10:38
195,user195,Andrew,Hall,user195@example.com,12bb9363971c42ebe4d8e9e2591bba4678865414e59337c9d617193035dd87fd,user,04/06/2021 15:51
196,user196,Andrew,Rodriguez,user196@example.com,cc611cf39503aa757664f1430e31ebabda1bfd6dd53b74c4e88a912201a6885c,admin,15/04/2024 10:21
197,user197,Natalie,Garcia,user197@example.com,c82a0778faf82e8d74ba3bf5698abf54a9438e671cea39c012576672ed79d434,admin,10/10/2023 10:02
198,user198,Joshua,Caldwell,user198@example.com,ed0cf1d98e7fa71987c10505d07109f58c7be678bf5e334ec01c712e285859d6,user,16/04/2022 12:02
199,user199,Susan,Green,user199@example.com,8a4767d9a38a6565caa844ce258779bbfbb66cade0780515a3107a57d3c6683d,admin,08/12/2020 07:19
200,user200,Keith,Wilson,user200@example.com,abf4beef89112749f9e677bced3da3c67283e84b0096935a469b3711ad93f1fa,user,15/12/2020 00:23
